{
    "loss": 0.8269810080528259,
    "accuracy": 0.9568345546722412
}